[
{
    "model": "inheritance.place",
    "pk": 3,
    "fields": {
        "name": "Sinsa",
        "address": ""
    }
},
{
    "model": "inheritance.place",
    "pk": 4,
    "fields": {
        "name": "Yeoksam",
        "address": ""
    }
},
{
    "model": "inheritance.restaurant",
    "pk": 3,
    "fields": {
        "serves_hot_dogs": false,
        "serves_pizza": false
    }
},
{
    "model": "inheritance.restaurant",
    "pk": 4,
    "fields": {
        "serves_hot_dogs": false,
        "serves_pizza": false
    }
},
{
    "model": "inheritance.champion",
    "pk": 1,
    "fields": {
        "champion_type": "magician",
        "rank": 0,
        "name": "\ub7ed\uc2a4"
    }
},
{
    "model": "inheritance.champion",
    "pk": 2,
    "fields": {
        "champion_type": "magician",
        "rank": 0,
        "name": "\uc544\ub9ac"
    }
},
{
    "model": "inheritance.champion",
    "pk": 3,
    "fields": {
        "champion_type": "magician",
        "rank": 0,
        "name": "\uc544\uc9c0\ub974"
    }
},
{
    "model": "inheritance.champion",
    "pk": 4,
    "fields": {
        "champion_type": "magician",
        "rank": 0,
        "name": "\uc81c\ub77c\uc2a4"
    }
},
{
    "model": "inheritance.champion",
    "pk": 5,
    "fields": {
        "champion_type": "supporter",
        "rank": 0,
        "name": "\ub8f0\ub8e8"
    }
},
{
    "model": "inheritance.champion",
    "pk": 6,
    "fields": {
        "champion_type": "supporter",
        "rank": 0,
        "name": "\uc794\ub098"
    }
},
{
    "model": "inheritance.champion",
    "pk": 7,
    "fields": {
        "champion_type": "supporter",
        "rank": 0,
        "name": "\uc18c\ub77c\uce74"
    }
},
{
    "model": "inheritance.champion",
    "pk": 8,
    "fields": {
        "champion_type": "ad",
        "rank": 0,
        "name": "\ubca0\uc778"
    }
},
{
    "model": "inheritance.champion",
    "pk": 9,
    "fields": {
        "champion_type": "ad",
        "rank": 0,
        "name": "\uc774\uc988\ub9ac\uc5bc"
    }
},
{
    "model": "inheritance.champion",
    "pk": 10,
    "fields": {
        "champion_type": "ad",
        "rank": 0,
        "name": "\uc9d5\ud06c\uc2a4"
    }
},
{
    "model": "making_queries.blog",
    "pk": 1,
    "fields": {
        "name": "Beatles Blog",
        "tagline": "All the latest Beatles news."
    }
},
{
    "model": "making_queries.blog",
    "pk": 2,
    "fields": {
        "name": "Your blog",
        "tagline": ""
    }
},
{
    "model": "making_queries.blog",
    "pk": 3,
    "fields": {
        "name": "Another blog",
        "tagline": ""
    }
},
{
    "model": "making_queries.author",
    "pk": 1,
    "fields": {
        "name": "joe",
        "email": ""
    }
},
{
    "model": "making_queries.author",
    "pk": 2,
    "fields": {
        "name": "John",
        "email": ""
    }
},
{
    "model": "making_queries.author",
    "pk": 3,
    "fields": {
        "name": "Paul",
        "email": ""
    }
},
{
    "model": "making_queries.author",
    "pk": 4,
    "fields": {
        "name": "George",
        "email": ""
    }
},
{
    "model": "making_queries.author",
    "pk": 5,
    "fields": {
        "name": "Ringo",
        "email": ""
    }
},
{
    "model": "making_queries.entry",
    "pk": 1,
    "fields": {
        "blog": 2,
        "headline": "My first entry",
        "body_text": "",
        "pub_date": null,
        "mod_date": null,
        "n_comments": 0,
        "n_pingbacks": 0,
        "rating": 0,
        "authors": []
    }
},
{
    "model": "making_queries.entry",
    "pk": 2,
    "fields": {
        "blog": 2,
        "headline": "Another blog entry",
        "body_text": "",
        "pub_date": null,
        "mod_date": null,
        "n_comments": 0,
        "n_pingbacks": 0,
        "rating": 0,
        "authors": [
            1
        ]
    }
},
{
    "model": "making_queries.entry",
    "pk": 3,
    "fields": {
        "blog": 1,
        "headline": "Beatles first entry",
        "body_text": "",
        "pub_date": null,
        "mod_date": null,
        "n_comments": 0,
        "n_pingbacks": 0,
        "rating": 0,
        "authors": [
            2,
            3,
            4,
            5
        ]
    }
},
{
    "model": "making_queries.entry",
    "pk": 4,
    "fields": {
        "blog": 1,
        "headline": "2006 entry",
        "body_text": "",
        "pub_date": "2006-01-01",
        "mod_date": null,
        "n_comments": 0,
        "n_pingbacks": 0,
        "rating": 0,
        "authors": []
    }
},
{
    "model": "model.car",
    "pk": 1,
    "fields": {
        "manufacturer": 1,
        "name": "\uc18c\ub098\ud0c0"
    }
},
{
    "model": "model.car",
    "pk": 2,
    "fields": {
        "manufacturer": 1,
        "name": "\uadf8\ub80c\uc838"
    }
},
{
    "model": "model.car",
    "pk": 3,
    "fields": {
        "manufacturer": 2,
        "name": "C 300"
    }
},
{
    "model": "model.car",
    "pk": 4,
    "fields": {
        "manufacturer": 2,
        "name": "SLR"
    }
},
{
    "model": "model.car",
    "pk": 5,
    "fields": {
        "manufacturer": 3,
        "name": "\uc2a4\ud305\uc5b4"
    }
},
{
    "model": "model.car",
    "pk": 6,
    "fields": {
        "manufacturer": 3,
        "name": "K5"
    }
},
{
    "model": "model.manufacturer",
    "pk": 1,
    "fields": {
        "name": "\ud604\ub300"
    }
},
{
    "model": "model.manufacturer",
    "pk": 2,
    "fields": {
        "name": "\ubca4\uce20"
    }
},
{
    "model": "model.manufacturer",
    "pk": 3,
    "fields": {
        "name": "\uae30\uc544"
    }
},
{
    "model": "model.user",
    "pk": 1,
    "fields": {
        "name": "yabi",
        "teacher": null
    }
},
{
    "model": "model.user",
    "pk": 2,
    "fields": {
        "name": "me",
        "teacher": null
    }
},
{
    "model": "model.user",
    "pk": 3,
    "fields": {
        "name": "\uae40\uc7ac\ud64d",
        "teacher": 2
    }
},
{
    "model": "model.pizza",
    "pk": 1,
    "fields": {
        "name": "\ud558\uc640\uc774\uc5b8 \ud53c\uc790",
        "toppings": [
            1,
            3,
            5,
            8
        ]
    }
},
{
    "model": "model.pizza",
    "pk": 2,
    "fields": {
        "name": "\ubd88\uace0\uae30 \ud53c\uc790",
        "toppings": []
    }
},
{
    "model": "model.pizza",
    "pk": 3,
    "fields": {
        "name": "\ud398\ud37c\ub85c\ub2c8 \ud53c\uc790",
        "toppings": []
    }
},
{
    "model": "model.pizza",
    "pk": 4,
    "fields": {
        "name": "\uac74\uace4\uac10\ub9ac \ud53c\uc790",
        "toppings": []
    }
},
{
    "model": "model.topping",
    "pk": 1,
    "fields": {
        "name": "\uce58\uc988"
    }
},
{
    "model": "model.topping",
    "pk": 2,
    "fields": {
        "name": "\ubd88\uace0\uae30"
    }
},
{
    "model": "model.topping",
    "pk": 3,
    "fields": {
        "name": "\ud30c\uc778\uc560\ud50c"
    }
},
{
    "model": "model.topping",
    "pk": 4,
    "fields": {
        "name": "\ud398\ud37c\ub85c\ub2c8"
    }
},
{
    "model": "model.topping",
    "pk": 5,
    "fields": {
        "name": "\ud584"
    }
},
{
    "model": "model.topping",
    "pk": 6,
    "fields": {
        "name": "\uac10\uc790"
    }
},
{
    "model": "model.topping",
    "pk": 7,
    "fields": {
        "name": "\uc62c\ub9ac\ube0c"
    }
},
{
    "model": "model.topping",
    "pk": 8,
    "fields": {
        "name": "\uc591\ud30c"
    }
},
{
    "model": "model.topping",
    "pk": 9,
    "fields": {
        "name": "\ud1a0\ub9c8\ud1a0"
    }
},
{
    "model": "model.topping",
    "pk": 10,
    "fields": {
        "name": "\uce58\ud0a8"
    }
},
{
    "model": "model.idol",
    "pk": 1,
    "fields": {
        "name": "\uae40\uc138\uc815"
    }
},
{
    "model": "model.idol",
    "pk": 2,
    "fields": {
        "name": "\uc804\uc18c\ubbf8"
    }
},
{
    "model": "model.idol",
    "pk": 3,
    "fields": {
        "name": "\uc784\ub098\uc601"
    }
},
{
    "model": "model.idol",
    "pk": 4,
    "fields": {
        "name": "\ucd5c\uc720\uc815"
    }
},
{
    "model": "model.idol",
    "pk": 5,
    "fields": {
        "name": "\uc815\ucc44\uc5f0"
    }
},
{
    "model": "model.idol",
    "pk": 6,
    "fields": {
        "name": "\uae40\ub3c4\uc5f0"
    }
},
{
    "model": "model.idol",
    "pk": 7,
    "fields": {
        "name": "\uae40\uccad\ud558"
    }
},
{
    "model": "model.idol",
    "pk": 8,
    "fields": {
        "name": "\uae40\uc18c\ud61c"
    }
},
{
    "model": "model.idol",
    "pk": 9,
    "fields": {
        "name": "\uc720\uc5f0\uc815"
    }
},
{
    "model": "model.idol",
    "pk": 10,
    "fields": {
        "name": "\uc8fc\uacb0\uacbd"
    }
},
{
    "model": "model.idol",
    "pk": 11,
    "fields": {
        "name": "\uac15\ubbf8\ub098"
    }
},
{
    "model": "model.group",
    "pk": 1,
    "fields": {
        "name": "\uc704\ud0a4\ubbf8\ud0a4",
        "debut_date": "2017-08-08"
    }
},
{
    "model": "model.group",
    "pk": 2,
    "fields": {
        "name": "\uad6c\uad6c\ub2e8",
        "debut_date": "2016-06-28"
    }
},
{
    "model": "model.group",
    "pk": 3,
    "fields": {
        "name": "\uc6b0\uc8fc\uc18c\ub140",
        "debut_date": "2016-02-25"
    }
},
{
    "model": "model.group",
    "pk": 4,
    "fields": {
        "name": "\ud504\ub9ac\uc2a4\ud2f4",
        "debut_date": "2017-03-21"
    }
},
{
    "model": "model.group",
    "pk": 5,
    "fields": {
        "name": "DIA",
        "debut_date": "2015-09-14"
    }
},
{
    "model": "model.group",
    "pk": 6,
    "fields": {
        "name": "I.O.I",
        "debut_date": "2016-05-04"
    }
},
{
    "model": "model.membership",
    "pk": 12,
    "fields": {
        "idol": 1,
        "group": 6,
        "joined_date": "2017-10-10",
        "is_active": true,
        "recommender": []
    }
},
{
    "model": "model.membership",
    "pk": 13,
    "fields": {
        "idol": 2,
        "group": 6,
        "joined_date": "2017-10-10",
        "is_active": true,
        "recommender": []
    }
},
{
    "model": "model.membership",
    "pk": 14,
    "fields": {
        "idol": 3,
        "group": 6,
        "joined_date": "2017-10-10",
        "is_active": true,
        "recommender": []
    }
},
{
    "model": "model.membership",
    "pk": 15,
    "fields": {
        "idol": 4,
        "group": 6,
        "joined_date": "2017-10-10",
        "is_active": true,
        "recommender": []
    }
},
{
    "model": "model.membership",
    "pk": 16,
    "fields": {
        "idol": 5,
        "group": 6,
        "joined_date": "2017-10-10",
        "is_active": true,
        "recommender": []
    }
},
{
    "model": "model.membership",
    "pk": 17,
    "fields": {
        "idol": 6,
        "group": 6,
        "joined_date": "2017-10-10",
        "is_active": true,
        "recommender": []
    }
},
{
    "model": "model.membership",
    "pk": 18,
    "fields": {
        "idol": 7,
        "group": 6,
        "joined_date": "2017-10-10",
        "is_active": true,
        "recommender": []
    }
},
{
    "model": "model.membership",
    "pk": 19,
    "fields": {
        "idol": 8,
        "group": 6,
        "joined_date": "2017-10-10",
        "is_active": true,
        "recommender": []
    }
},
{
    "model": "model.membership",
    "pk": 20,
    "fields": {
        "idol": 9,
        "group": 6,
        "joined_date": "2017-10-10",
        "is_active": true,
        "recommender": []
    }
},
{
    "model": "model.membership",
    "pk": 21,
    "fields": {
        "idol": 10,
        "group": 6,
        "joined_date": "2017-10-10",
        "is_active": true,
        "recommender": []
    }
},
{
    "model": "model.membership",
    "pk": 22,
    "fields": {
        "idol": 11,
        "group": 6,
        "joined_date": "2017-10-10",
        "is_active": true,
        "recommender": []
    }
},
{
    "model": "model.membership",
    "pk": 24,
    "fields": {
        "idol": 1,
        "group": 2,
        "joined_date": "2017-10-10",
        "is_active": true,
        "recommender": []
    }
},
{
    "model": "model.place",
    "pk": 1,
    "fields": {
        "name": "Demon Dogs",
        "address": "944 W. Fullerton"
    }
},
{
    "model": "model.place",
    "pk": 2,
    "fields": {
        "name": "Ace Hardware",
        "address": "1013 N. Ashland"
    }
},
{
    "model": "model.restaurant",
    "pk": 1,
    "fields": {
        "serves_hot_dogs": false,
        "serves_pizza": false
    }
}
]
